{
  "Jumpoff1": {
    "category": "master",
    "sounds": [
      "Jumpoff1"
    ]
  },
  "Jumpoff2": {
    "category": "master",
    "sounds": [
      "Jumpoff2"
    ]
  },
  "Anath.sfx": {
    "category": "master",
    "sounds": [
      "Anath/Anath_sfx"
    ]
  },
  "Anath.select": {
    "category": "master",
    "sounds": [
      "Anath/Select_Anath"
    ]
  },
  "Anath.death": {
    "category": "master",
    "sounds": [
      "Anath/Death_Anath"
    ]
  },
  "Anath.jumpoff": {
    "category": "master",
    "sounds": [
      "Anath/Jumpoff_Anath"
    ]
  },
  "Anath.landing": {
    "category": "master",
    "sounds": [
      "Anath/Landing_Anath"
    ]
  },
  "Anath.hit": {
    "category": "master",
    "sounds": [
      "Anath/Hit_Anath_1",
      "Anath/Hit_Anath_2",
      "Anath/Hit_Anath_3"
    ]
  },
  "Anath.kill": {
    "category": "master",
    "sounds": [
      "Anath/Kill_Anath_1",
      "Anath/Kill_Anath_2",
      "Anath/Kill_Anath_3",
      "Anath/Kill_Anath_4"
    ]
  },
  "Anath.passive": {
    "category": "master",
    "sounds": [
      "Anath/Passive_Anath_1",
      "Anath/Passive_Anath_2",
      "Anath/Passive_Anath_3",
      "Anath/Passive_Anath_4"
    ]
  },
  "Anath.ult": {
    "category": "master",
    "sounds": [
      "Anath/Ult_Anath_1",
      "Anath/Ult_Anath_2"
    ]
  },
  "Anath.win": {
    "category": "master",
    "sounds": [
      "Anath/Win_Anath_1",
      "Anath/Win_Anath_2",
      "Anath/Win_Anath_3"
    ]
  },
  "Bardolf.sfx": {
    "category": "master",
    "sounds": [
      "Bardolf/Bardolf_sfx"
    ]
  },
  "Bardolf.select": {
    "category": "master",
    "sounds": [
      "Bardolf/Select_Bardolf"
    ]
  },
  "Bardolf.death": {
    "category": "master",
    "sounds": [
      "Bardolf/Death_Bardolf"
    ]
  },
  "Bardolf.jumpoff": {
    "category": "master",
    "sounds": [
      "Bardolf/Jumpoff_Bardolf"
    ]
  },
  "Bardolf.landing": {
    "category": "master",
    "sounds": [
      "Bardolf/Landing_Bardolf"
    ]
  },
  "Bardolf.hit": {
    "category": "master",
    "sounds": [
      "Bardolf/Hit_Bardolf_1",
      "Bardolf/Hit_Bardolf_2",
      "Bardolf/Hit_Bardolf_3"
    ]
  },
  "Bardolf.kill": {
    "category": "master",
    "sounds": [
      "Bardolf/Kill_Bardolf_1",
      "Bardolf/Kill_Bardolf_2",
      "Bardolf/Kill_Bardolf_3",
      "Bardolf/Kill_Bardolf_4"
    ]
  },
  "Bardolf.passive": {
    "category": "master",
    "sounds": [
      "Bardolf/Passive_Bardolf_1",
      "Bardolf/Passive_Bardolf_2",
      "Bardolf/Passive_Bardolf_3",
      "Bardolf/Passive_Bardolf_4",
      "Bardolf/Passive_Bardolf_5"
    ]
  },
  "Bardolf.ult": {
    "category": "master",
    "sounds": [
      "Bardolf/Ult_Bardolf_1",
      "Bardolf/Ult_Bardolf_2",
      "Bardolf/Ult_Bardolf_3",
      "Bardolf/Ult_Bardolf_4",
      "Bardolf/Ult_Bardolf_5"
    ]
  },
  "Bardolf.ult.sfx": {
    "category": "master",
    "sounds": [
      "Bardolf/Ult_Bardolf_sfx_1",
      "Bardolf/Ult_Bardolf_sfx_2"
    ]
  },
  "Bardolf.win": {
    "category": "master",
    "sounds": [
      "Bardolf/Win_Bardolf_1",
      "Bardolf/Win_Bardolf_2"
    ]
  },
  "Biff.sfx": {
    "category": "master",
    "sounds": [
      "Biff/Biff_sfx"
    ]
  },
  "Biff.select": {
    "category": "master",
    "sounds": [
      "Biff/Select_Biff"
    ]
  },
  "Biff.death": {
    "category": "master",
    "sounds": [
      "Biff/Death_Biff"
    ]
  },
  "Biff.jumpoff": {
    "category": "master",
    "sounds": [
      "Biff/Jumpoff_Biff"
    ]
  },
  "Biff.landing": {
    "category": "master",
    "sounds": [
      "Biff/Landing_Biff"
    ]
  },
  "Biff.hit": {
    "category": "master",
    "sounds": [
      "Biff/Hit_Biff_1",
      "Biff/Hit_Biff_2",
      "Biff/Hit_Biff_3"
    ]
  },
  "Biff.kill": {
    "category": "master",
    "sounds": [
      "Biff/Kill_Biff_1",
      "Biff/Kill_Biff_2",
      "Biff/Kill_Biff_3",
      "Biff/Kill_Biff_4"
    ]
  },
  "Biff.ult": {
    "category": "master",
    "sounds": [
      "Biff/Ult_Biff_1",
      "Biff/Ult_Biff_2",
      "Biff/Ult_Biff_3",
      "Biff/Ult_Biff_4",
      "Biff/Ult_Biff_5",
      "Biff/Ult_Biff_6"
    ]
  },
  "Biff.win": {
    "category": "master",
    "sounds": [
      "Biff/Win_Biff_1",
      "Biff/Win_Biff_2",
      "Biff/Win_Biff_3"
    ]
  },
  "Dana.sfx": {
    "category": "master",
    "sounds": [
      "Dana/Dana_sfx"
    ]
  },
  "Dana.select": {
    "category": "master",
    "sounds": [
      "Dana/Select_Dana"
    ]
  },
  "Dana.death": {
    "category": "master",
    "sounds": [
      "Dana/Death_Dana"
    ]
  },
  "Dana.jumpoff": {
    "category": "master",
    "sounds": [
      "Dana/Jumpoff_Dana"
    ]
  },
  "Dana.landing": {
    "category": "master",
    "sounds": [
      "Dana/Landing_Dana"
    ]
  },
  "Dana.hit": {
    "category": "master",
    "sounds": [
      "Dana/Hit_Dana_1",
      "Dana/Hit_Dana_2",
      "Dana/Hit_Dana_3"
    ]
  },
  "Dana.kill": {
    "category": "master",
    "sounds": [
      "Dana/Kill_Dana_1",
      "Dana/Kill_Dana_2",
      "Dana/Kill_Dana_3",
      "Dana/Kill_Dana_4"
    ]
  },
  "Dana.ult": {
    "category": "master",
    "sounds": [
      "Dana/Ult_Dana_1",
      "Dana/Ult_Dana_2",
      "Dana/Ult_Dana_3",
      "Dana/Ult_Dana_4",
      "Dana/Ult_Dana_5"
    ]
  },
  "Dana.win": {
    "category": "master",
    "sounds": [
      "Dana/Win_Dana_1",
      "Dana/Win_Dana_2"
    ]
  },
  "Devon.sfx": {
    "category": "master",
    "sounds": [
      "Devon/Devon_sfx"
    ]
  },
  "Devon.select": {
    "category": "master",
    "sounds": [
      "Devon/Select_Devon"
    ]
  },
  "Devon.death": {
    "category": "master",
    "sounds": [
      "Devon/Death_Devon"
    ]
  },
  "Devon.jumpoff": {
    "category": "master",
    "sounds": [
      "Devon/Jumpoff_Devon"
    ]
  },
  "Devon.landing": {
    "category": "master",
    "sounds": [
      "Devon/Landing_Devon"
    ]
  },
  "Devon.hit": {
    "category": "master",
    "sounds": [
      "Devon/Hit_Devon_1",
      "Devon/Hit_Devon_2",
      "Devon/Hit_Devon_3"
    ]
  },
  "Devon.kill": {
    "category": "master",
    "sounds": [
      "Devon/Kill_Devon_1",
      "Devon/Kill_Devon_2",
      "Devon/Kill_Devon_3",
      "Devon/Kill_Devon_4"
    ]
  },
  "Devon.ult": {
    "category": "master",
    "sounds": [
      "Devon/Ult_Devon_1",
      "Devon/Ult_Devon_2",
      "Devon/Ult_Devon_3"
    ]
  },
  "Devon.win": {
    "category": "master",
    "sounds": [
      "Devon/Win_Devon_1",
      "Devon/Win_Devon_2"
    ]
  },
  "Grim.sfx": {
    "category": "master",
    "sounds": [
      "Grim/Grim_sfx"
    ]
  },
  "Grim.select": {
    "category": "master",
    "sounds": [
      "Grim/Select_Grim"
    ]
  },
  "Grim.death": {
    "category": "master",
    "sounds": [
      "Grim/Death_Grim"
    ]
  },
  "Grim.jumpoff": {
    "category": "master",
    "sounds": [
      "Grim/Jumpoff_Grim"
    ]
  },
  "Grim.landing": {
    "category": "master",
    "sounds": [
      "Grim/Landing_Grim"
    ]
  },
  "Grim.hit": {
    "category": "master",
    "sounds": [
      "Grim/Hit_Grim_1",
      "Grim/Hit_Grim_2",
      "Grim/Hit_Grim_3"
    ]
  },
  "Grim.kill": {
    "category": "master",
    "sounds": [
      "Grim/Kill_Grim_1",
      "Grim/Kill_Grim_2",
      "Grim/Kill_Grim_3",
      "Grim/Kill_Grim_4",
      "Grim/Kill_Grim_5",
      "Grim/Kill_Grim_6",
      "Grim/Kill_Grim_7"
    ]
  },
  "Grim.ult": {
    "category": "master",
    "sounds": [
      "Grim/Ult_Grim_1",
      "Grim/Ult_Grim_2",
      "Grim/Ult_Grim_3",
      "Grim/Ult_Grim_4",
      "Grim/Ult_Grim_5"
    ]
  },
  "Grim.win": {
    "category": "master",
    "sounds": [
      "Grim/Win_Grim_1",
      "Grim/Win_Grim_2",
      "Grim/Win_Grim_3",
      "Grim/Win_Grim_4",
      "Grim/Win_Grim_5"
    ]
  },
  "Hattori.sfx": {
    "category": "master",
    "sounds": [
      "Hattori/Hattori_sfx"
    ]
  },
  "Hattori.select": {
    "category": "master",
    "sounds": [
      "Hattori/Select_Hattori"
    ]
  },
  "Hattori.death": {
    "category": "master",
    "sounds": [
      "Hattori/Death_Hattori"
    ]
  },
  "Hattori.jumpoff": {
    "category": "master",
    "sounds": [
      "Hattori/Jumpoff_Hattori"
    ]
  },
  "Hattori.landing": {
    "category": "master",
    "sounds": [
      "Hattori/Landing_Hattori"
    ]
  },
  "Hattori.hit": {
    "category": "master",
    "sounds": [
      "Hattori/Hit_Hattori_1",
      "Hattori/Hit_Hattori_2",
      "Hattori/Hit_Hattori_3"
    ]
  },
  "Hattori.kill": {
    "category": "master",
    "sounds": [
      "Hattori/Kill_Hattori_1",
      "Hattori/Kill_Hattori_2",
      "Hattori/Kill_Hattori_3",
      "Hattori/Kill_Hattori_4",
      "Hattori/Kill_Hattori_5"
    ]
  },
  "Hattori.ult": {
    "category": "master",
    "sounds": [
      "Hattori/Ult_Hattori_1",
      "Hattori/Ult_Hattori_2",
      "Hattori/Ult_Hattori_3"
    ]
  },
  "Hattori.win": {
    "category": "master",
    "sounds": [
      "Hattori/Win_Hattori_1",
      "Hattori/Win_Hattori_2",
      "Hattori/Win_Hattori_3"
    ]
  },
  "Ivy.sfx": {
    "category": "master",
    "sounds": [
      "Ivy/Ivy_sfx"
    ]
  },
  "Ivy.select": {
    "category": "master",
    "sounds": [
      "Ivy/Select_Ivy"
    ]
  },
  "Ivy.death": {
    "category": "master",
    "sounds": [
      "Ivy/Death_Ivy"
    ]
  },
  "Ivy.jumpoff": {
    "category": "master",
    "sounds": [
      "Ivy/Jumpoff_Ivy"
    ]
  },
  "Ivy.landing": {
    "category": "master",
    "sounds": [
      "Ivy/Landing_Ivy"
    ]
  },
  "Ivy.hit": {
    "category": "master",
    "sounds": [
      "Ivy/Hit_Ivy_1",
      "Ivy/Hit_Ivy_2",
      "Ivy/Hit_Ivy_3"
    ]
  },
  "Ivy.kill": {
    "category": "master",
    "sounds": [
      "Ivy/Kill_Ivy_1",
      "Ivy/Kill_Ivy_2",
      "Ivy/Kill_Ivy_3",
      "Ivy/Kill_Ivy_4"
    ]
  },
  "Ivy.ult": {
    "category": "master",
    "sounds": [
      "Ivy/Ult_Ivy_1",
      "Ivy/Ult_Ivy_2",
      "Ivy/Ult_Ivy_3",
      "Ivy/Ult_Ivy_4"
    ]
  },
  "Ivy.win": {
    "category": "master",
    "sounds": [
      "Ivy/Win_Ivy_1",
      "Ivy/Win_Ivy_2",
      "Ivy/Win_Ivy_3"
    ]
  },
  "Larissa.sfx": {
    "category": "master",
    "sounds": [
      "Larissa/Larissa_sfx"
    ]
  },
  "Larissa.ult.sfx": {
    "category": "master",
    "sounds": [
      "Larissa/Ult_Larissa_sfx"
    ]
  },
  "Larissa.select": {
    "category": "master",
    "sounds": [
      "Larissa/Select_Larissa"
    ]
  },
  "Larissa.death": {
    "category": "master",
    "sounds": [
      "Larissa/Death_Larissa"
    ]
  },
  "Larissa.jumpoff": {
    "category": "master",
    "sounds": [
      "Larissa/Jumpoff_Larissa"
    ]
  },
  "Larissa.landing": {
    "category": "master",
    "sounds": [
      "Larissa/Landing_Larissa"
    ]
  },
  "Larissa.hit": {
    "category": "master",
    "sounds": [
      "Larissa/Hit_Larissa_1",
      "Larissa/Hit_Larissa_2",
      "Larissa/Hit_Larissa_3"
    ]
  },
  "Larissa.kill": {
    "category": "master",
    "sounds": [
      "Larissa/Kill_Larissa_1",
      "Larissa/Kill_Larissa_2",
      "Larissa/Kill_Larissa_3"
    ]
  },
  "Larissa.ult": {
    "category": "master",
    "sounds": [
      "Larissa/Ult_Larissa_1",
      "Larissa/Ult_Larissa_2",
      "Larissa/Ult_Larissa_3"
    ]
  },
  "Larissa.win": {
    "category": "master",
    "sounds": [
      "Larissa/Win_Larissa_1",
      "Larissa/Win_Larissa_2",
      "Larissa/Win_Larissa_3"
    ]
  },
  "Rowena.sfx": {
    "category": "master",
    "sounds": [
      "Rowena/Rowena_sfx"
    ]
  },
  "Rowena.select": {
    "category": "master",
    "sounds": [
      "Rowena/Select_Rowena"
    ]
  },
  "Rowena.death": {
    "category": "master",
    "sounds": [
      "Rowena/Death_Rowena"
    ]
  },
  "Rowena.jumpoff": {
    "category": "master",
    "sounds": [
      "Rowena/Jumpoff_Rowena"
    ]
  },
  "Rowena.landing": {
    "category": "master",
    "sounds": [
      "Rowena/Landing_Rowena"
    ]
  },
  "Rowena.hit": {
    "category": "master",
    "sounds": [
      "Rowena/Hit_Rowena_1",
      "Rowena/Hit_Rowena_2",
      "Rowena/Hit_Rowena_3"
    ]
  },
  "Rowena.kill": {
    "category": "master",
    "sounds": [
      "Rowena/Kill_Rowena_1",
      "Rowena/Kill_Rowena_2",
      "Rowena/Kill_Rowena_3",
      "Rowena/Kill_Rowena_4",
      "Rowena/Kill_Rowena_5",
      "Rowena/Kill_Rowena_6"
    ]
  },
  "Rowena.passive": {
    "category": "master",
    "sounds": [
      "Rowena/Passive_Rowena_1",
      "Rowena/Passive_Rowena_2",
      "Rowena/Passive_Rowena_3",
      "Rowena/Passive_Rowena_4",
      "Rowena/Passive_Rowena_5",
      "Rowena/Passive_Rowena_6"
    ]
  },
  "Rowena.ult": {
    "category": "master",
    "sounds": [
      "Rowena/Ult_Rowena_1",
      "Rowena/Ult_Rowena_2",
      "Rowena/Ult_Rowena_3"
    ]
  },
  "Rowena.win": {
    "category": "master",
    "sounds": [
      "Rowena/Win_Rowena_1",
      "Rowena/Win_Rowena_2",
      "Rowena/Win_Rowena_3"
    ]
  }
}